<?xml version="1.0" encoding="utf-8" ?>
<Patch>	

	<Operation Class="PatchOperationSequence">
  	<success>Always</success>
		<operations>
			<li Class="PatchOperationReplace">
				<xpath>*/FactionDef[defName = "AndroidRebellionAtlas"]/pawnGroupMakers</xpath>
				<value>
				  <pawnGroupMakers>
					<li>
						<kindDef>Combat</kindDef>
						<commonality>100</commonality>
						<options>
							<AndroidT1RaiderFactionSpecific>8</AndroidT1RaiderFactionSpecific>
							<AndroidT2RaiderFactionSpecific>3</AndroidT2RaiderFactionSpecific>
							<ATPP_AndroidTX2RaiderFactionSpecific>2</ATPP_AndroidTX2RaiderFactionSpecific>
							<ATPP_AndroidTX2KIRaiderFactionSpecific>2</ATPP_AndroidTX2KIRaiderFactionSpecific>
							<AndroidT3RaiderFactionSpecific>1</AndroidT3RaiderFactionSpecific>
							<ATPP_AndroidTX3IRaiderFactionSpecific>1</ATPP_AndroidTX3IRaiderFactionSpecific>
							<AndroidT4RaiderFactionSpecific>1</AndroidT4RaiderFactionSpecific>
							<ATPP_AndroidTX4RaiderFactionSpecific>1</ATPP_AndroidTX4RaiderFactionSpecific>
							<AndroidT1SlaveFactionSpecific>8</AndroidT1SlaveFactionSpecific>
						</options>
					</li>
					<li>
						<kindDef>Combat</kindDef>
						<commonality>25</commonality>
						<options>
							<ATPP_AndroidTX2RaiderFactionSpecific>9</ATPP_AndroidTX2RaiderFactionSpecific>
							<ATPP_AndroidTX2KRaiderFactionSpecific>2</ATPP_AndroidTX2KRaiderFactionSpecific>
							<ATPP_AndroidTX3RaiderFactionSpecific>4</ATPP_AndroidTX3RaiderFactionSpecific>
							<ATPP_AndroidTX4RaiderFactionSpecific>1</ATPP_AndroidTX4RaiderFactionSpecific>
						</options>
					</li>
					<li>
						<kindDef>Combat</kindDef>
						<commonality>40</commonality>
						<options>
							<ATPP_AndroidTX2IRaiderFactionSpecific>6</ATPP_AndroidTX2IRaiderFactionSpecific>
							<ATPP_AndroidTX2RaiderFactionSpecific>4</ATPP_AndroidTX2RaiderFactionSpecific>
							<ATPP_AndroidTX2KIRaiderFactionSpecific>5</ATPP_AndroidTX2KIRaiderFactionSpecific>
							<ATPP_AndroidTX4IRaiderFactionSpecific>1</ATPP_AndroidTX4IRaiderFactionSpecific>
							<AndroidT1SlaveFactionSpecific>4</AndroidT1SlaveFactionSpecific>
						</options>
					</li>
					<li>
						<kindDef>Combat</kindDef>
						<commonality>10</commonality>
						<options>
							<ATPP_AndroidTX2RaiderFactionSpecific>6</ATPP_AndroidTX2RaiderFactionSpecific>
							<ATPP_AndroidTX2IRaiderFactionSpecific>3</ATPP_AndroidTX2IRaiderFactionSpecific>
							<ATPP_AndroidTX2KIRaiderFactionSpecific>8</ATPP_AndroidTX2KIRaiderFactionSpecific>
							<ATPP_AndroidTX3IRaiderFactionSpecific>2</ATPP_AndroidTX3IRaiderFactionSpecific>
						</options>
					</li>
					<li>
						<kindDef>Settlement</kindDef>
						<options>
							<AndroidT1RaiderFactionSpecific>2</AndroidT1RaiderFactionSpecific>
							<AndroidT2RaiderFactionSpecific>2</AndroidT2RaiderFactionSpecific>
							<ATPP_AndroidTX2RaiderFactionSpecific>1</ATPP_AndroidTX2RaiderFactionSpecific>
							<ATPP_AndroidTX2KIRaiderFactionSpecific>4</ATPP_AndroidTX2KIRaiderFactionSpecific>
							<AndroidT3RaiderFactionSpecific>3</AndroidT3RaiderFactionSpecific>
							<ATPP_AndroidTX3RaiderFactionSpecific>1</ATPP_AndroidTX3RaiderFactionSpecific>
							<ATPP_AndroidTX3IRaiderFactionSpecific>2</ATPP_AndroidTX3IRaiderFactionSpecific>
							<AndroidT4RaiderFactionSpecific>2</AndroidT4RaiderFactionSpecific>
							<ATPP_AndroidTX4IRaiderFactionSpecific>4</ATPP_AndroidTX4IRaiderFactionSpecific>
							<ATPP_AndroidTX4RaiderFactionSpecific>1</ATPP_AndroidTX4RaiderFactionSpecific>
							<AndroidT1SlaveFactionSpecific>1</AndroidT1SlaveFactionSpecific>
						</options>
					</li>
				</pawnGroupMakers>
				</value>
			</li>
			<li Class="PatchOperationReplace">
				<xpath>*/FactionDef[defName = "AndroidFriendliesAtlas"]/pawnGroupMakers</xpath>
				<value>
				  <pawnGroupMakers>
					<li>
						<kindDef>Combat</kindDef>
						<options>
							<AndroidT1CollectiveColonist>2</AndroidT1CollectiveColonist>
							<AndroidT1CollectiveSoldier>8</AndroidT1CollectiveSoldier>
							<AndroidT2CollectiveSoldier>4</AndroidT2CollectiveSoldier>
							<ATPP_AndroidTX2CollectiveSoldier>2</ATPP_AndroidTX2CollectiveSoldier>
							<ATPP_AndroidTX2ICollectiveSoldier>1</ATPP_AndroidTX2ICollectiveSoldier>
							<AndroidT3CollectiveSoldier>1</AndroidT3CollectiveSoldier>
							<ATPP_AndroidTX3ICollectiveSoldier>3</ATPP_AndroidTX3ICollectiveSoldier>
							<ATPP_AndroidTX3CollectiveSoldier>1</ATPP_AndroidTX3CollectiveSoldier>
							<AndroidT4CollectiveSoldier>1</AndroidT4CollectiveSoldier>
							<ATPP_AndroidTX4ICollectiveSoldier>2</ATPP_AndroidTX4ICollectiveSoldier>
							<ATPP_AndroidTX4CollectiveSoldier>1</ATPP_AndroidTX4CollectiveSoldier>
							<AndroidT4CollectiveLeader>2.5</AndroidT4CollectiveLeader>
						</options>
					</li>
					<li>
						<kindDef>Peaceful</kindDef>
						<options>
							<AndroidT1CollectiveColonist>20</AndroidT1CollectiveColonist>
							<AndroidT1CollectiveSoldier>6</AndroidT1CollectiveSoldier>
							<ATPP_AndroidTX2CollectiveSoldier>3</ATPP_AndroidTX2CollectiveSoldier>
							<ATPP_AndroidTX3ICollectiveSoldier>3</ATPP_AndroidTX3ICollectiveSoldier>
							<AndroidT3CollectiveColonist>10</AndroidT3CollectiveColonist>
						</options>
					</li>
					<li>
						<kindDef>Trader</kindDef>
						<traders>
							<AndroidT2CollectiveTrader>1</AndroidT2CollectiveTrader>
						</traders>
						<carriers>
							<Muffalo>6</Muffalo>
							<AndroidMuff>5</AndroidMuff>
							<Dromedary>4</Dromedary>
							<Alpaca>2</Alpaca>
							<Elephant>1</Elephant>
						</carriers>
						<guards>
							<AndroidT1CollectiveColonist>5</AndroidT1CollectiveColonist>
							<AndroidT1CollectiveSoldier>7</AndroidT1CollectiveSoldier>
							<AndroidT2CollectiveSoldier>3</AndroidT2CollectiveSoldier>
							<ATPP_AndroidTX2CollectiveSoldier>3</ATPP_AndroidTX2CollectiveSoldier>
							<AndroidT3CollectiveSoldier>2.5</AndroidT3CollectiveSoldier>
							<ATPP_AndroidTX3CollectiveSoldier>1</ATPP_AndroidTX3CollectiveSoldier>
							<ATPP_AndroidTX3ICollectiveSoldier>2</ATPP_AndroidTX3ICollectiveSoldier>
						</guards>
					</li>
					<li>
						<kindDef>Settlement</kindDef>
						<options>
							<AndroidT1CollectiveColonist>1</AndroidT1CollectiveColonist>
							<AndroidT1CollectiveSoldier>2</AndroidT1CollectiveSoldier>
							<AndroidT4CollectiveSoldier>1</AndroidT4CollectiveSoldier>
							<ATPP_AndroidTX2KICollectiveSoldier>3</ATPP_AndroidTX2KICollectiveSoldier>
							<ATPP_AndroidTX4CollectiveSoldier>1</ATPP_AndroidTX4CollectiveSoldier>
							<ATPP_AndroidTX4ICollectiveSoldier>2</ATPP_AndroidTX4ICollectiveSoldier>
							<AndroidT2CollectiveSoldier>2</AndroidT2CollectiveSoldier>
							<ATPP_AndroidTX2ICollectiveSoldier>1</ATPP_AndroidTX2ICollectiveSoldier>
							<ATPP_AndroidTX2CollectiveSoldier>1</ATPP_AndroidTX2CollectiveSoldier>
							<AndroidT3CollectiveSoldier>6</AndroidT3CollectiveSoldier>
							<ATPP_AndroidTX3ICollectiveSoldier>2</ATPP_AndroidTX3ICollectiveSoldier>
							<AndroidT4CollectiveLeader>6</AndroidT4CollectiveLeader>
						</options>
					</li>
				</pawnGroupMakers>
				</value>
			</li>
		</operations>
	</Operation>

</Patch>