<?xml version="1.0" encoding="utf-8" ?>
<Defs>
	<AlienRace.ThingDef_AlienRace ParentName="BasePawn">

		<defName>ATPP_Android2KTX</defName>
		<label>TX2K Android</label>
		<description>A prototype android designed to be used exclusively on the battlefield as heavy infantry, very resistant and inflicts severe melee damage, however quite slow due to its armor and he is unable to perform advanced tasks because of its limited processor essentially optimized for combat.</description>
		<alienRace>
			<raceRestriction>
				<traitList>
					<li>FeelingsTowardHumanity</li>
				</traitList>
			</raceRestriction>

			<generalSettings>
				<maleGenderProbability>0.5</maleGenderProbability>
				<allowHumanBios>false</allowHumanBios>
				<maxDamageForSocialfight>9</maxDamageForSocialfight>
				<immuneToAge>false</immuneToAge>
				<disallowedTraits>
					<li>DrugDesire</li>
					<li>AnnoyingVoice</li>
					<li>CreepyBreathing</li>
					<li>Pyromaniac</li>
					<li>Wimp</li>
					<li>Masochist</li>
					<li>Nudist</li>
					<li>NightOwl</li>
					<li>Transhumanist</li>
					<li>BodyPurist</li>
					<li>SuperImmune</li>
					<li>Beautiful</li>
					<li>Jealous</li>
					<li>Tough</li>
					<li>MechAtlas</li>
				</disallowedTraits>
				<notXenophobistTowards>
					<li>Human</li>
					<li>Android4Tier</li>
					<li>Android3Tier</li>
					<li>Android2Tier</li>
					<li>Android1Tier</li>
				</notXenophobistTowards>
				<alienPartGenerator>
					<alienbodytypes>
						<li>Male</li>
						<li>Female</li>
						<li>ATPP_BodyTypeMaleHurted12KTX</li>
						<li>ATPP_BodyTypeMaleHurted22KTX</li>
						<li>ATPP_BodyTypeFemaleHurted12KTX</li>
						<li>ATPP_BodyTypeFemaleHurted22KTX</li>
					</alienbodytypes>
					<aliencrowntypes>
						<li>Average_Normal</li>
						<li>Average_Hurted</li>
						<li>Average_Hurted2</li>
					</aliencrowntypes>
					<alienskincolorgen Class="ColorGenerator_Options">
						<options>
							<li>
								<weight>10</weight>
								<only>RGBA(0.90764,0.8262,0.63333,1)</only>
							</li>
							<li>
								<weight>10</weight>
								<only>RGBA(0.89764,0.75262,0.57333,1)</only>
							</li>
							<li>
								<weight>10</weight>
								<only>RGBA(0.89803,0.701960,0.46666,1)</only>
							</li>
							<li>
								<weight>10</weight>
								<only>RGBA(0.79803,0.501960,0.36666,1)</only>
							</li>
							<li>
								<weight>10</weight>
								<only>RGBA(0.556862,0.360784,0.219607,1)</only>
							</li>
							<li>
								<weight>10</weight>
								<only>RGBA(0.4176,0.2818,0.182,1)</only>
							</li>
						</options>
					</alienskincolorgen>
				</alienPartGenerator>
			</generalSettings>
			<graphicPaths>
				<li>
					<body>Things/Misc/Androids/Models/TX2K/body/</body>
					<head>Things/Misc/Androids/Models/TX2K/head/</head>
				</li>
			</graphicPaths>
			<hairSettings>
				<hasHair>true</hasHair>
			</hairSettings>
			<thoughtSettings>
				<cannotReceiveThoughtsAtAll>false</cannotReceiveThoughtsAtAll>
				<cannotReceiveThoughts>
					<li>NeedFood</li>
					<li>Naked</li>
					<li>Pain</li>
					<li>SleepDisturbed</li>
					<li>SleptOnGround</li>
					<li>ArtifactMoodBoost</li>
					<li>EnvironmentCold</li>
					<li>EnvironmentHot</li>
				</cannotReceiveThoughts>
			</thoughtSettings>
			<relationSettings>
				<relationChanceModifierChild>0</relationChanceModifierChild>
				<relationChanceModifierExLover>0</relationChanceModifierExLover>
				<relationChanceModifierExSpouse>0</relationChanceModifierExSpouse>
				<relationChanceModifierFiance>0</relationChanceModifierFiance>
				<relationChanceModifierLover>0</relationChanceModifierLover>
				<relationChanceModifierParent>0</relationChanceModifierParent>
				<relationChanceModifierSibling>0</relationChanceModifierSibling>
				<relationChanceModifierSpouse>0</relationChanceModifierSpouse>
			</relationSettings>
		</alienRace>

		<statBases>
			<MarketValue>5500</MarketValue>
			<MoveSpeed>4.50</MoveSpeed>
			<Flammability>0.6</Flammability>
			<PsychicSensitivity>0.2</PsychicSensitivity>
			<ComfyTemperatureMin>-90</ComfyTemperatureMin>
			<ComfyTemperatureMax>90</ComfyTemperatureMax>
			<PainShockThreshold>5</PainShockThreshold>
			<ToxicSensitivity>0.15</ToxicSensitivity>
			<WorkSpeedGlobal>0.8</WorkSpeedGlobal>
			<MentalBreakThreshold>0.08</MentalBreakThreshold>
			<GlobalLearningFactor>0.9</GlobalLearningFactor>
			<ImmunityGainSpeed>10</ImmunityGainSpeed>
			<LeatherAmount>0</LeatherAmount>
			<MeatAmount>0</MeatAmount>
			<SocialImpact>0.3</SocialImpact>
			<ArmorRating_Blunt>0.75</ArmorRating_Blunt>
			<ArmorRating_Sharp>0.85</ArmorRating_Sharp>
			<FoodPoisonChance>0.0</FoodPoisonChance>
			<ButcheryFleshEfficiency>0.7</ButcheryFleshEfficiency>
			<MedicalTendQuality>0.6</MedicalTendQuality>
			<MedicalSurgerySuccessChance>0.8</MedicalSurgerySuccessChance>
			<Mass>150.2</Mass>
		</statBases>
		<tools>
			<li>
				<label>right fist</label>
				<capacities>
					<li>Blunt</li>
				</capacities>
				<power>22</power>
				<cooldownTime>1.0</cooldownTime>
				<linkedBodyPartsGroup>RightHand</linkedBodyPartsGroup>
				<surpriseAttack>
					<extraMeleeDamages>
						<li>
							<def>Stun</def>
							<amount>39</amount>
						</li>
					</extraMeleeDamages>
				</surpriseAttack>
			</li>
			<li>
				<label>left fist</label>
				<capacities>
					<li>Blunt</li>
				</capacities>
				<power>22</power>
				<cooldownTime>1.0</cooldownTime>
				<linkedBodyPartsGroup>LeftHand</linkedBodyPartsGroup>
				<surpriseAttack>
					<extraMeleeDamages>
						<li>
							<def>Stun</def>
							<amount>39</amount>
						</li>
					</extraMeleeDamages>
				</surpriseAttack>
			</li>

			<li>
				<label>head</label>
				<capacities>
					<li>Blunt</li>
				</capacities>
				<power>16</power>
				<cooldownTime>1.2</cooldownTime>
				<linkedBodyPartsGroup>HeadAttackTool</linkedBodyPartsGroup>
				<chanceFactor>0.2</chanceFactor>
			</li>
		</tools>
		<race>
			<thinkTreeMain>AndroidLike</thinkTreeMain>
			<thinkTreeConstant>HumanlikeConstant</thinkTreeConstant>
			<intelligence>Humanlike</intelligence>
			<makesFootprints>true</makesFootprints>
			<lifeExpectancy>100</lifeExpectancy>
			<leatherDef>Tainted_Skin</leatherDef>
			<nameGenerator>AndroidAtlasStandard</nameGenerator>
			<body>Android4Tier</body>
			<baseHealthScale>0.8</baseHealthScale>
			<needsRest>false</needsRest>
			<foodType>OmnivoreHuman</foodType>
			<baseHungerRate>0.6</baseHungerRate>
			<fleshType>Android</fleshType>
			<bloodDef>Filth_Blood</bloodDef>
			<useMeatFrom>Alpaca</useMeatFrom>
			<baseBodySize>0.8</baseBodySize>
			<gestationPeriodDays>1</gestationPeriodDays>
			<canBePredatorPrey>false</canBePredatorPrey>
			<lifeStageAges>
				<li>
					<def>HumanlikeAdult</def>
					<minAge>0</minAge>
				</li>
			</lifeStageAges>
			<litterSizeCurve>
				<points>
					<li>(0.5, 0)</li>
					<li>(1, 1)</li>
					<li>(1.01, 0.02)</li>
					<li>(3.5, 0)</li>
				</points>
			</litterSizeCurve>
			<soundMeleeHitPawn>Pawn_Melee_Punch_HitPawn</soundMeleeHitPawn>
			<soundMeleeHitBuilding>Pawn_Melee_Punch_HitBuilding</soundMeleeHitBuilding>
			<soundMeleeMiss>Pawn_Melee_Punch_Miss</soundMeleeMiss>
			<specialShadowData>
				<volume>(0.3, 0.8, 0.4)</volume>
				<offset>(0,0,0)</offset>
			</specialShadowData>
			<ageGenerationCurve>
				<points>
					<li>(0,0)</li>
					<li>(10,100)</li>
					<li>(2,0)</li>
				</points>
			</ageGenerationCurve>
			<hediffGiverSets>
				<li>AndroidStandardAtlas</li>
			</hediffGiverSets>
		</race>
		<recipes>
		<li>ATPP_ApplyHealCPUSerum</li>
	  <li>ATPP_ApplyHealCoolingSystem</li>
	  <li>ATPP_ApplyHealFrameworkSystem</li>
	  <li>ATPP_ApplyHydraulicNaniteBank</li>
	  <li>ATPP_InstallRXChipOnAndroid</li>
	  <li>ATPP_InstallVX0ChipOnAndroid</li>
      <li>ATPP_InstallVX1ChipOnAndroid</li>
	  <li>ATPP_InstallVX2ChipOnAndroid</li>
	  <li>ATPP_InstallVX3ChipOnAndroid</li>
			<li>AdministerMechSerumHealer</li>
			<li>InstallJoywire</li>
			<li>InstallBasicReplacementArm</li>
			<li>InstallBasicReplacementLeg</li>
			<li>InstallLightReceivingDiode</li>
			<li>InstallCrudeHeatsink</li>
			<li>InstallFlimsyCoolantPump</li>
			<li>InstallSmallBatteryPack</li>
			<li>InstallTubeSealantTank</li>
			<li>InstallLowPowerTransformer</li>
			<li>InstallBasicDCConverter</li>
			<li>InstallBasicPlating</li>
			<li>InstallAdvPlating</li>
			<li>RemoveBodyPartAndroid</li>
			<li>ShutdownAndroid</li>
			<li>InstallAdvancedReplacementLeg</li>
			<li>InstallAdvancedReplacementArm</li>
			<li>InstallFarmingMindImplant</li>
			<li>InstallAnimalMindImplant</li>
			<li>InstallNegotiationMindImplant</li>
			<li>InstallCharismaMindImplant</li>
			<li>InstallPositronMindImplant</li>
			<li>InstallSoldierMindImplant</li>
			<li>InstallBuilderMindImplant</li>
			<li>InstallSurgeonMindImplant</li>
			<li>InstallSpeedMindImplant</li>
			<li>InstallGeoMindImplant</li>
			<li>InstallMechanicMindImplant</li>
			<li>InstallCookingMindImplant</li>
			<li>InstallUnskilledMindImplant</li>
			<li>InstallEvolvingMindImplant</li>
			<li>InstallMakeshiftReplacementArm</li>
			<li>InstallMakeshiftReplacementLeg</li>
			<li>InstallSmellingAdvS</li>
			<li>InstallCrudeHearingS</li>
			<li>InstallHydraulicFrame</li>
			<li>InstallHydraulicReplacementLeg</li>
			<li>InstallHydraulicReplacementArm</li>
			<li>InstallDrillArm</li>

			<li>ReprogramTraitsAndroidSimple</li>
			<li>OverclockAndroid</li>
			<li>RemoveAndroidSentience</li>
			<li>RerollAndroidTraits</li>
			<!--InstallPlating-->
		</recipes>
		<butcherProducts>
			<Plasteel>20</Plasteel>
			<ComponentIndustrial>3</ComponentIndustrial>
			<Chemfuel>35</Chemfuel>
			<Cloth>65</Cloth>
		</butcherProducts>
		<modExtensions>
			<li Class="MOARANDROIDS.AndroidTweaker">
				<tweakCorpseRot>true</tweakCorpseRot>
			</li>
		</modExtensions>
	</AlienRace.ThingDef_AlienRace>
	
	<AlienRace.BackstoryDef>
		<defName>ATPP_FactoryMade</defName>
		<title>Factory made</title>
		<titleShort>Mech</titleShort>
		<baseDescription>{PAWN_nameDef} is a mechanized infantry, powerful war units that are unfortunately limited and can hardly do anything besides fighting due to his limited Neural Processing Unit (NPU).</baseDescription>
		<slot>Childhood</slot>
				<spawnCategories>
			<li>ATPP_T2KBackstory</li>
		</spawnCategories>
		<skillGains>
          <li>
            <defName>Melee</defName>
            <amount>10</amount>
          </li>
          <li>
            <defName>Shooting</defName>
            <amount>10</amount>
          </li>
        </skillGains>
    <workDisables>
        <li>Artistic</li>
		<li>Caring</li>
		<li>PlantWork</li>
		<li>Animals</li>
		<li>Intellectual</li>
		<li>ManualSkilled</li>
		<li>Crafting</li>
		<li>Cleaning</li>
    </workDisables>
	</AlienRace.BackstoryDef>

	<AlienRace.BackstoryDef>
		<defName>ATPP_MechanizedInfantry</defName>
		<title>Mechanized infantry</title>
		<titleShort>Mech</titleShort>
		<baseDescription>this android was designed only for war.</baseDescription>
		<bodyTypeMale>Male</bodyTypeMale>
		<bodyTypeFemale>Female</bodyTypeFemale>
		<slot>Adulthood</slot>
				<spawnCategories>
			<li>ATPP_T2KBackstory</li>
		</spawnCategories>
	</AlienRace.BackstoryDef>
	
</Defs>