<?xml version="1.0" encoding="utf-8" ?>
<Defs>
	<RecipeDef Name="ATPP_BaseCreateSX2KI" Abstract="True">
      <description>Create a blank TX2KI surrogate Android from Plasteel.</description>
      <jobString>Making Surrogate Android</jobString>  
      <allowMixingIngredients>false</allowMixingIngredients>
	  <skillRequirements>
		<Crafting>8</Crafting>
      </skillRequirements>
      <ingredients>
         <li>
            <filter>
               <thingDefs>
                  <li>Plasteel</li>
               </thingDefs>
            </filter>
            <count>75</count>
         </li>
         <li>
            <filter>
               <thingDefs>
                  <li>Steel</li>
               </thingDefs>
            </filter>
            <count>300</count>
         </li>
         <li>
            <filter>
               <thingDefs>
                  <li>ComponentIndustrial</li>
               </thingDefs>
            </filter>
            <count>4</count>
         </li>
         <li>
            <filter>
               <thingDefs>
                  <li>Gold</li>
               </thingDefs>
            </filter>
            <count>2</count>
         </li>
      </ingredients>
	  <researchPrerequisite>T2Androids</researchPrerequisite>
      <workAmount>25500</workAmount>
	  <unfinishedThingDef>UnfinishedAndroid</unfinishedThingDef>
      <workSkill>Crafting</workSkill>
    <effectWorking>Repair</effectWorking>
    <soundWorking>Recipe_Machining</soundWorking>
    <workSpeedStat>ButcheryMechanoidSpeed</workSpeedStat>
	 <recipeUsers>
		<li>AndroidProductionVat</li>
      </recipeUsers>
	</RecipeDef>
	
		
	<RecipeDef ParentName="ATPP_BaseCreateSX2KI">
		<defName>ATPP_CreateSX2KI</defName>
		<label>Create TX2KI male surrogate Android</label>
		<products>
			<ATPP_SX2KISurrogateGeneratorAI>1</ATPP_SX2KISurrogateGeneratorAI>
		</products>
	</RecipeDef>
	<RecipeDef ParentName="ATPP_BaseCreateSX2KI">
		<defName>ATPP_CreateSX2KIFemale</defName>
		<label>Create TX2KI female surrogate Android</label>
		<products>
			<ATPP_SX2KIFemaleSurrogateGeneratorAI>1</ATPP_SX2KIFemaleSurrogateGeneratorAI>
		</products>
	</RecipeDef>
	
	
	<RecipeDef Name="ATPP_BaseCreateTX2KI" Abstract="True">
      <description>Create a blank TX2KI Android from Plasteel.</description>
      <jobString>Making Android</jobString>  
      <allowMixingIngredients>false</allowMixingIngredients>
	  <skillRequirements>
		<Crafting>8</Crafting>
      </skillRequirements>
      <ingredients>
         <li>
            <filter>
               <thingDefs>
                  <li>Plasteel</li>
               </thingDefs>
            </filter>
            <count>75</count>
         </li>
         <li>
            <filter>
               <thingDefs>
                  <li>Steel</li>
               </thingDefs>
            </filter>
            <count>350</count>
         </li>
         <li>
            <filter>
               <thingDefs>
                  <li>ComponentIndustrial</li>
               </thingDefs>
            </filter>
            <count>12</count>
         </li>
         <li>
            <filter>
               <thingDefs>
                  <li>Gold</li>
               </thingDefs>
            </filter>
            <count>2</count>
         </li>
      </ingredients>
	  <researchPrerequisite>T2Androids</researchPrerequisite>
      <workAmount>27500</workAmount>
	  <unfinishedThingDef>UnfinishedAndroid</unfinishedThingDef>
      <workSkill>Crafting</workSkill>
    <effectWorking>Repair</effectWorking>
    <soundWorking>Recipe_Machining</soundWorking>
    <workSpeedStat>ButcheryMechanoidSpeed</workSpeedStat>
	 <recipeUsers>
		<li>AndroidProductionVat</li>
      </recipeUsers>
	</RecipeDef>

	
	<RecipeDef ParentName="ATPP_BaseCreateTX2KI">
		<defName>ATPP_CreateTX2KIAndroid</defName>
		<label>Create TX2KI male Android</label>
		<products>
         <ATPP_TX2KIAndroidGeneratorAI>1</ATPP_TX2KIAndroidGeneratorAI>
      </products>
	</RecipeDef>
	<RecipeDef ParentName="ATPP_BaseCreateTX2KI">
		<defName>ATPP_CreateTX2KIFemaleAndroid</defName>
		<label>Create TX2KI female Android</label>
		<products>
         <ATPP_TX2KIFemaleAndroidGeneratorAI>1</ATPP_TX2KIFemaleAndroidGeneratorAI>
      </products>
	</RecipeDef>
	
	
	
	
	
	<ThingDef ParentName="ATPP_GeneratorAI">
        <defName>ATPP_TX2KIAndroidGeneratorAI</defName>
        <label>TX2KI male Android</label>
        <comps>
		<li Class="MOARANDROIDS.SpawnerCompProperties_GenericSpawner">
            <compClass>MOARANDROIDS.CompAndroidSpawnerGeneric</compClass>
			<Pawnkind>ATPP_Android2KITXKind</Pawnkind>
			<gender>0</gender>
		</li>
        </comps>
    </ThingDef>
	<ThingDef ParentName="ATPP_GeneratorAI">
        <defName>ATPP_TX2KIFemaleAndroidGeneratorAI</defName>
        <label>TX2KI female Android</label>
        <comps>
		<li Class="MOARANDROIDS.SpawnerCompProperties_GenericSpawner">
            <compClass>MOARANDROIDS.CompAndroidSpawnerGeneric</compClass>
			<Pawnkind>ATPP_Android2KITXKind</Pawnkind>
			<gender>1</gender>
		</li>
        </comps>
    </ThingDef>
	
	<ThingDef ParentName="ATPP_GeneratorAI">
        <defName>ATPP_SX2KISurrogateGeneratorAI</defName>
        <label>SX2KI male Surrogate Android</label>
        <comps>
		<li Class="MOARANDROIDS.CompProperties_SurrogateSpawner">
            <compClass>MOARANDROIDS.CompSurrogateSpawner</compClass>
			<Pawnkind>ATPP_Android2KITXKind</Pawnkind>
			<gender>0</gender>
		</li>
        </comps>
    </ThingDef>
	<ThingDef ParentName="ATPP_GeneratorAI">
        <defName>ATPP_SX2KIFemaleSurrogateGeneratorAI</defName>
        <label>SX2KI female Surrogate Android</label>
        <comps>
		<li Class="MOARANDROIDS.CompProperties_SurrogateSpawner">
            <compClass>MOARANDROIDS.CompSurrogateSpawner</compClass>
			<Pawnkind>ATPP_Android2KITXKind</Pawnkind>
			<gender>1</gender>
		</li>
        </comps>
    </ThingDef>
	
</Defs>