<?xml version="1.0" encoding="utf-8" ?>
<Defs>
	<RecipeDef Abstract="True" Name="ATPP_BaseCreateSX3">
      <description>Create a TX3 surrogate Android.</description>
      <jobString>Making Surrogate Android</jobString>  
      <allowMixingIngredients>false</allowMixingIngredients>
	  <skillRequirements>
		<Crafting>10</Crafting>
      </skillRequirements>
      <ingredients>
         <li>
            <filter>
               <thingDefs>
                  <li>Plasteel</li>
               </thingDefs>
            </filter>
            <count>100</count>
         </li>
         <li>
            <filter>
               <thingDefs>
                  <li>ComponentSpacer</li>
               </thingDefs>
            </filter>
            <count>1</count>
         </li>
		 <li>
            <filter>
               <thingDefs>
                  <li>ComponentIndustrial</li>
               </thingDefs>
            </filter>
            <count>16</count>
         </li>
         <li>
            <filter>
               <thingDefs>
                  <li>Uranium</li>
               </thingDefs>
            </filter>
            <count>70</count>
         </li>
         <li>
            <filter>
               <thingDefs>
                  <li>Gold</li>
               </thingDefs>
            </filter>
            <count>4</count>
         </li>
		 <li>
            <filter>
               <thingDefs>
                  <li>Meat_Human</li>
               </thingDefs>
            </filter>
            <count>175</count>
         </li>
		 <li>
            <filter>
               <thingDefs>
                  <li>MedicineIndustrial</li>
               </thingDefs>
            </filter>
            <count>6</count>
         </li>
      </ingredients>
	  <researchPrerequisite>T3Androids</researchPrerequisite>
      <workAmount>18500</workAmount>
	  <unfinishedThingDef>UnfinishedAndroid</unfinishedThingDef>
      <workSkill>Crafting</workSkill>
    <effectWorking>Repair</effectWorking>
    <soundWorking>Recipe_Machining</soundWorking>
    <workSpeedStat>ButcheryMechanoidSpeed</workSpeedStat>
	 <recipeUsers>
		<li>AndroidProductionVat</li>
      </recipeUsers>
	</RecipeDef>
	
	
	<RecipeDef ParentName="ATPP_BaseCreateSX3">
	    <defName>ATPP_CreateSX3</defName>
		<label>Create TX3 surrogate Android</label>
		<products>
			<ATPP_SX3SurrogateGeneratorAI>1</ATPP_SX3SurrogateGeneratorAI>
		</products>
	</RecipeDef>
	<RecipeDef ParentName="ATPP_BaseCreateSX3">
	    <defName>ATPP_CreateSX3Female</defName>
		<label>Create TX3 female surrogate Android</label>
		<products>
			<ATPP_SX3FemaleSurrogateGeneratorAI>1</ATPP_SX3FemaleSurrogateGeneratorAI>
		</products>
	</RecipeDef>
	
	<RecipeDef Name="ATPP_BaseCreateTX3" Abstract="True">
      <description>Create a TX3 Android.</description>
      <jobString>Making Android</jobString>  
      <allowMixingIngredients>false</allowMixingIngredients>
	  <skillRequirements>
		<Crafting>10</Crafting>
      </skillRequirements>
      <ingredients>
         <li>
            <filter>
               <thingDefs>
                  <li>Plasteel</li>
               </thingDefs>
            </filter>
            <count>100</count>
         </li>
         <li>
            <filter>
               <thingDefs>
                  <li>ComponentSpacer</li>
               </thingDefs>
            </filter>
            <count>10</count>
         </li>
         <li>
            <filter>
               <thingDefs>
                  <li>Uranium</li>
               </thingDefs>
            </filter>
            <count>70</count>
         </li>
         <li>
            <filter>
               <thingDefs>
                  <li>Gold</li>
               </thingDefs>
            </filter>
            <count>4</count>
         </li>
		 <li>
            <filter>
               <thingDefs>
                  <li>Meat_Human</li>
               </thingDefs>
            </filter>
            <count>175</count>
         </li>
		 <li>
            <filter>
               <thingDefs>
                  <li>MedicineIndustrial</li>
               </thingDefs>
            </filter>
            <count>6</count>
         </li>
      </ingredients>
	  <researchPrerequisite>T3Androids</researchPrerequisite>
      <workAmount>28500</workAmount>
	  <unfinishedThingDef>UnfinishedAndroid</unfinishedThingDef>
      <workSkill>Crafting</workSkill>
    <effectWorking>Repair</effectWorking>
    <soundWorking>Recipe_Machining</soundWorking>
    <workSpeedStat>ButcheryMechanoidSpeed</workSpeedStat>
	 <recipeUsers>
		<li>AndroidProductionVat</li>
      </recipeUsers>
	</RecipeDef>
	
	<RecipeDef ParentName="ATPP_BaseCreateTX3">
	  <defName>ATPP_CreateTX3Android</defName>
      <label>Create TX3 male Android</label>
	  <products>
         <ATPP_TX3AndroidGeneratorAI>1</ATPP_TX3AndroidGeneratorAI>
      </products>
	</RecipeDef>
	<RecipeDef ParentName="ATPP_BaseCreateTX3">
	  <defName>ATPP_CreateTX3FemaleAndroid</defName>
      <label>Create TX3 female Android</label>
	  <products>
         <ATPP_TX3FemaleAndroidGeneratorAI>1</ATPP_TX3FemaleAndroidGeneratorAI>
      </products>
	</RecipeDef>
	
	
	<ThingDef ParentName="ATPP_GeneratorAI">
        <defName>ATPP_TX3AndroidGeneratorAI</defName>
        <label>TX3 male Android</label>
        <comps>
		<li Class="MOARANDROIDS.SpawnerCompProperties_GenericSpawner">
            <compClass>MOARANDROIDS.CompAndroidSpawnerGeneric</compClass>
			<Pawnkind>ATPP_Android3TXKind</Pawnkind>
			<gender>0</gender>
		</li>
        </comps>
    </ThingDef>
	<ThingDef ParentName="ATPP_GeneratorAI">
        <defName>ATPP_TX3FemaleAndroidGeneratorAI</defName>
        <label>TX3 female Android</label>
        <comps>
		<li Class="MOARANDROIDS.SpawnerCompProperties_GenericSpawner">
            <compClass>MOARANDROIDS.CompAndroidSpawnerGeneric</compClass>
			<Pawnkind>ATPP_Android3TXKind</Pawnkind>
			<gender>1</gender>
		</li>
        </comps>
    </ThingDef>
	
	
	<ThingDef ParentName="ATPP_GeneratorAI">
        <defName>ATPP_SX3SurrogateGeneratorAI</defName>
        <label>SX3 male Surrogate Android</label>
        <comps>
		<li Class="MOARANDROIDS.CompProperties_SurrogateSpawner">
            <compClass>MOARANDROIDS.CompSurrogateSpawner</compClass>
			<Pawnkind>ATPP_Android3TXKind</Pawnkind>
			<gender>0</gender>
		</li>
        </comps>
    </ThingDef>
	<ThingDef ParentName="ATPP_GeneratorAI">
        <defName>ATPP_SX3FemaleSurrogateGeneratorAI</defName>
        <label>SX3 female Surrogate Android</label>
        <comps>
		<li Class="MOARANDROIDS.CompProperties_SurrogateSpawner">
            <compClass>MOARANDROIDS.CompSurrogateSpawner</compClass>
			<Pawnkind>ATPP_Android3TXKind</Pawnkind>
			<gender>1</gender>
		</li>
        </comps>
    </ThingDef>
	
</Defs>